PRODUT_ID,PRODUT_NAME,PRODUCT_CATEGORY,PRODUCT_QUANTITY,PRODUCT_PRICE,MinStock
product = []


def add_new_product(product):

    name = input("\nEnter the Product Name : ")

    while True:
        print("\nEnter Product Category : ")
        print("""
                press 1 for Networking
                press 2 for Accersories
                press 3 for Computers
                press 4 for Phones
                press 5 for Wearables
                press 6 for Audio
        """)

        choice = input()

        if choice == "1":
            p_category = "Networking"
            break
        elif choice == "2":
            p_category = "Accersories"
            break
        elif choice == "3":
            p_category = "Computers"
            break
        elif choice == "4":
            p_category = "Phones"
            break
        elif choice == "5":
            p_category = "Wearables"
            break
        elif choice == "6":
            p_category = "Audio"
            break
        else:
            print("\nPlease select a category from the options above")

    while True:
        try:
            QTY = int(input("\nEnter the Product Quantity : "))
            if QTY < 0:
                print("Quantity cannot be negative.")
                continue
            break
        except ValueError:
            print("Invalid input, Enter a number")

    while True:
        try:
            price = int(input("\nEnter the Product Price : "))
            if price < 0:
                print("Price cannot be negative.")
                continue
            break
        except ValueError:
            print("Invalid input, Enter a Number")

    while True:
        try:
            Minstock = int(input("\nEnter the Minimum Stock Quantity : "))
            if Minstock < 0:
                print("Minimum stock cannot be negative.")
                continue
            break
        except ValueError:
            print("\nInvalid input, Enter a Number")

    new_Pro = {
        "Product_name": name,
        "Product_Category": p_category,
        "Product_quantity": QTY,
        "Product_price": price,
        "MinStock ": Minstock
    }

    product.append(new_Pro)

    print("\n--------- Product added Successfully -----------")
    print(new_Pro)


def view_products(product):

    if not product:
        print("\nNo products available.")
        return

    print("\n========== ALL PRODUCTS ==========")

    for index, item in enumerate(product, start=1):
        print(f"\nProduct {index}")
        print(f"Name: {item['Product_name']}")
        print(f"Category: {item['Product_Category']}")
        print(f"Quantity: {item['Product_quantity']}")
        print(f"Price: â¦{item['Product_price']}")
        print(f"Minimum Stock: {item['MinStock ']}")


def restock_product(product):

    name = input("\nEnter the Product Name to restock: ")

    for item in product:

        if item["Product_name"].lower() == name.lower():

            while True:
                try:
                    quantity = int(input("Enter quantity to add: "))

                    if quantity <= 0:
                        print("Quantity must be greater than zero.")
                        continue

                    item["Product_quantity"] += quantity

                    print("\nProduct restocked successfully.")
                    print(f"New quantity: {item['Product_quantity']}")
                    return

                except ValueError:
                    print("Invalid input, Enter a number.")

    print("\nProduct not found.")


def search_product(product):

    name = input("\nEnter the Product Name to search: ")

    found = False

    for item in product:

        if name.lower() in item["Product_name"].lower():

            print("\n========== PRODUCT FOUND ==========")
            print(f"Name: {item['Product_name']}")
            print(f"Category: {item['Product_Category']}")
            print(f"Quantity: {item['Product_quantity']}")
            print(f"Price: â¦{item['Product_price']}")
            print(f"Minimum Stock: {item['MinStock ']}")

            found = True

    if not found:
        print("\nProduct not found.")


def update_product(product):

    name = input("\nEnter the Product Name to update: ")

    for item in product:

        if item["Product_name"].lower() == name.lower():

            print("\nProduct found.")
            print("Leave a field empty if you do not want to change it.")

            new_name = input(
                f"Enter new name [{item['Product_name']}]: "
            )

            if new_name:
                item["Product_name"] = new_name

            print("\nEnter new category:")
            print("""
                press 1 for Networking
                press 2 for Accersories
                press 3 for Computers
                press 4 for Phones
                press 5 for Wearables
                press 6 for Audio
                press 0 to keep current category
            """)

            choice = input("Choice: ")

            categories = {
                "1": "Networking",
                "2": "Accersories",
                "3": "Computers",
                "4": "Phones",
                "5": "Wearables",
                "6": "Audio"
            }

            if choice in categories:
                item["Product_Category"] = categories[choice]

            while True:
                new_quantity = input(
                    f"Enter new quantity [{item['Product_quantity']}]: "
                )

                if new_quantity == "":
                    break

                try:
                    new_quantity = int(new_quantity)

                    if new_quantity < 0:
                        print("Quantity cannot be negative.")
                        continue

                    item["Product_quantity"] = new_quantity
                    break

                except ValueError:
                    print("Invalid input, Enter a number.")

            while True:
                new_price = input(
                    f"Enter new price [{item['Product_price']}]: "
                )

                if new_price == "":
                    break

                try:
                    new_price = int(new_price)

                    if new_price < 0:
                        print("Price cannot be negative.")
                        continue

                    item["Product_price"] = new_price
                    break

                except ValueError:
                    print("Invalid input, Enter a number.")

            while True:
                new_min_stock = input(
                    f"Enter new minimum stock [{item['MinStock ']}]: "
                )

                if new_min_stock == "":
                    break

                try:
                    new_min_stock = int(new_min_stock)

                    if new_min_stock < 0:
                        print("Minimum stock cannot be negative.")
                        continue

                    item["MinStock "] = new_min_stock
                    break

                except ValueError:
                    print("Invalid input, Enter a number.")

            print("\n--------- Product updated successfully ---------")
            print(item)
            return

    print("\nProduct not found.")


def delete_product(product):

    name = input("\nEnter the Product Name to delete: ")

    for item in product:

        if item["Product_name"].lower() == name.lower():

            print("\nProduct found:")
            print(f"Name: {item['Product_name']}")
            print(f"Category: {item['Product_Category']}")
            print(f"Quantity: {item['Product_quantity']}")
            print(f"Price: â¦{item['Product_price']}")

            confirmation = input(
                "\nAre you sure you want to delete this product? (yes/no): "
            )

            if confirmation.lower() == "yes":

                product.remove(item)

                print("\n--------- Product deleted successfully ---------")

            else:
                print("\nDelete operation cancelled.")

            return

    print("\nProduct not found.")


# --------------------------------------------------
# TEST / START
# --------------------------------------------------

add_new_product(product)

print("\nCurrent Product List:")
view_products(product)